NO.;CREATURE;CLASS;NAT;HP;ATK;DEF;SPD;CRIT %;CRIT DMG;ACC;RES;HP;ATK;DEF;Elements;BENEFIT;WRATH;STRENGTH;T.O.TRIALS;PVP;AVG.;Preferred Evo.;Alternative Evo.
1;PIXIE;SABOTEUR;2;1401;174;118;80;25;150;25;10;;;;FIRE;;;;;;;;
2;SPRITE;SABOTEUR;2;1605;207;138;80;25;150;25;10;;;;FIRE;;;;;;;;
3;BLAZING QUEEN;SABOTEUR;2;1911;257;168;80;25;150;50;10;;;;FIRE;B;C;B;B;B;B;30% chance to prevent enemy from receiving healing effects for 1 turn;60% chance of increasing own resistance for 1 turn
4;YOUNG GRIFFIN;ATTACKER;2;1651;246;78;67;30;150;15;15;;;;FIRE;;;;;;;;
5;GRIFFIN;ATTACKER;2;1855;279;98;67;30;150;15;15;;;;FIRE;;;;;;;;
6;BLAZING GRIFFIN;ATTACKER;2;2161;329;128;74;30;150;15;15;;;;FIRE;B;C;C;C;C;C;25% chance of draining enemy's HP. Drain is 75% of own attack;With increased attack based on own critical damage
7;SNAKEFLY;ATTACKER;2;1438;242;79;77;30;150;15;15;;;;FIRE;;;;;;;;
8;SERPENTFLY;ATTACKER;2;1642;275;99;77;30;150;15;15;;;;FIRE;;;;;;;;
9;FIRE DRAGONFLY;ATTACKER;2;1948;325;129;84;30;150;15;15;;;;FIRE;B;C;B;B;B;B;35% chance of removing of 1 beneficial effect from enemy;35% chance of decreasing enemy's attack for 2 turns
10;GARGOYLE WHELP;SABOTEUR;2;1340;267;76;76;25;150;25;10;;;;FIRE;;;;;;;;
11;GARGOYLE;SABOTEUR;2;1544;300;96;76;25;150;25;10;;;;FIRE;;;;;;;;
12;LAVA GARGOYLE;SABOTEUR;2;1850;350;126;76;25;200;25;10;;;;FIRE;C;C;C;C;C;C;30% chance of turning enemy to stone for 1 turn;40% chance of increasing duration of enemy's current harmful effects by 1 turn
13;RUNE SENTINEL;DEFENDER;2;1881;131;144;60;15;150;15;30;;;;FIRE;;;;;;;;
14;RUNE GUARDIAN;DEFENDER;2;2085;164;164;60;15;150;15;30;;;;FIRE;;;;;;;;
15;FIRE WARDEN;DEFENDER;2;2391;214;194;60;15;150;15;55;;;;FIRE;B;C;B;C;C;C;20% chance of recovering the turn;20% chance of stunning enemy for 1 turn
16;SPHINX KITTEN;SABOTEUR;2;1489;256;74;73;25;150;25;10;;;;FIRE;;;;;;;;
17;SPHINX;SABOTEUR;2;1693;289;94;73;25;150;25;10;;;;FIRE;;;;;;;;
18;FIRE SPHINX;SABOTEUR;2;1999;339;124;73;25;200;25;10;;;;FIRE;B;C;B;B;B;B;25% chance of decreasing enemy's defense for 1 turn;25% chance of increasing the remaining waiting turns of enemy's skills on cooldown by 1
19;DJINN;SABOTEUR;2;1500;258;68;75;25;150;25;10;;;;FIRE;;;;;;;;
20;FLAMING DJINN;SABOTEUR;2;1908;325;108;75;25;150;50;10;;;;FIRE;B;B;B;B;C;B;With great damage;20% chance of decreasing enemy's resistance for 2 turns
21;GHOST;SABOTEUR;2;1410;192;112;77;25;150;25;10;;;;FIRE;;;;;;;;
22;DARKFIRE SPECTRE;SABOTEUR;2;1818;258;152;84;25;150;25;10;;;;FIRE;B;B;B;B;B;B;60% chance of poisoning enemy for 1 turn;65% chance of amplifying enemy's incoming damage by 40% for 1 turn
23;HARPY;SABOTEUR;2;1384;236;79;82;25;150;25;10;;;;FIRE;;;;;;;;
24;FLAME FURY;SABOTEUR;2;1792;303;119;82;25;200;25;10;;;;FIRE;B;B;B;A;B;B; With great damage;35% chance of decreasing enemy's attack for 1 turn
25;BLACKFANG ROGUE;ATTACKER;2;1427;257;79;73;30;150;15;15;;;;FIRE;;;;;;;;
26;BLAZING ASSASSIN;ATTACKER;2;1835;324;119;80;30;150;15;15;6230;1290;459;FIRE;B;B;B;A;C;B;50% chance of poisoning enemy for 2 turns;45% chance of refilling own turnbar by 25%
27;SHIELDGUARD;DEFENDER;2;1937;110;157;58;15;150;15;30;;;;FIRE;;;;;;;;
28;VOLCANIC GUARD;DEFENDER;2;2345;177;197;58;15;150;40;30;;;;FIRE;C;C;C;C;C;C;With increased attack based on own defense;50% chance of decreasing enemy's attack for 2 turns
29;STONE GUARD;DEFENDER;2;1710;122;160;62;15;150;15;30;;;;FIRE;;;;;;;;
30;FIRE KNIGHT;DEFENDER;2;2118;189;200;62;15;150;15;55;;;;FIRE;C;C;C;C;C;C;Taunts enemy with a 25% chance;50% chance of decreasing enemy's critical damage for 2 turns
31;IMP;SABOTEUR;2;1397;239;78;81;25;150;25;10;;;;FIRE;;;;;;;;
32;FLAMING FAMILIAR;SABOTEUR;2;1805;306;118;81;25;200;25;10;;;;FIRE;B;B;B;B;B;B;40% chance of execrating enemy, disabling 20% of enemy's HP;With increased attack based on enemy's speed
33;BASILISK;ATTACKER;2;1411;243;98;68;30;150;15;15;;;;FIRE;;;;;;;;
34;FLAMING BASILISK;ATTACKER;2;1819;310;138;75;30;150;15;15;;;;FIRE;B;B;B;B;B;B;With increased attack based on own speed;Increase self speed for 1 turn
35;ARCANE BIRD;SABOTEUR;3;2459;385;237;72;20;150;20;20;;;;FIRE;;;;;;;;
36;ARCANE EAGLE;SABOTEUR;3;2663;418;257;72;20;150;20;20;;;;FIRE;;;;;;;;
37;FLAMING SIMURGH;SABOTEUR;3;2969;468;287;72;20;150;20;45;6683;1104;679;FIRE;A;B;B;A;A;A;Heals self by 10% of own max HP;With great damage
38;SPIRIT CUB;SUPPORT;3;2364;374;240;76;20;150;20;20;;;;FIRE;;;;;;;;
39;SPIRIT FOX;SUPPORT;3;2568;407;260;76;20;150;20;20;;;;FIRE;;;;;;;;
40;FLAMING KITSUNE;SUPPORT;3;2874;457;290;76;20;150;20;45;6444;969;687;FIRE;B;B;B;B;B;B;50% chance of casting a shield on self, providing shelter of 15% max HP for 2 turns;50% chance of stealing 15% of enemy's turn bar
41;BRIGHT FAWN;SUPPORT;3;2981;385;159;74;20;150;20;20;;;;FIRE;;;;;;;;
42;SUN DEER;SUPPORT;3;3185;418;179;74;20;150;20;20;;;;FIRE;;;;;;;;
43;FLAMING PATRIARCH;SUPPORT;3;3491;468;209;74;20;150;20;45;7993;995;472;FIRE;B;B;B;B;B;B;Heals self by 10% max HP;50% chance of lowering enemy's turn bar by 20%
44;FELICORE;SABOTEUR;3;2391;385;231;76;25;150;25;10;;;;FIRE;;;;;;;;
45;MANTICORE;SABOTEUR;3;2595;418;251;76;25;150;25;10;;;;FIRE;;;;;;;;
46;FIRE SCORPICORE;SABOTEUR;3;2901;468;281;76;25;150;50;10;;;;FIRE;B;B;B;B;B;B;60% chance of poisoning enemy for 1 turn;50% chance of decreasing enemy's accuracy and 50% chance of decreasing enemy's resistance for 1 turn
47;UNICORN FOAL;SUPPORT;3;3034;333;190;73;20;150;20;20;;;;FIRE;;;;;;;;
48;UNICORN;SUPPORT;3;3238;367;210;73;20;150;20;20;;;;FIRE;;;;;;;;
49;FLAMING UNICORN;SUPPORT;3;3544;417;240;80;20;150;20;20;;;;FIRE;B;B;A;A;C;B;50% chance of lowering enemy's turn bar by 20%;With great damage with attack increase based on own speed
50;MINI GOLEM;DEFENDER;3;3925;236;240;58;15;150;15;30;;;;FIRE;;;;;;;;
51;GOLEM;DEFENDER;3;4129;369;260;58;15;150;15;30;;;;FIRE;;;;;;;;
52;LAVA GOLEM;DEFENDER;3;4435;319;290;58;15;150;15;55;;;;FIRE;B;C;B;B;A;B;With increased attack based on own max HP. 50% chance of decreasing enemy's speed for 1 turn;35% chance of turning enemy to stone for 1 turn
53;NYMPH;SUPPORT;3;2409;396;235;72;20;150;20;20;;;;FIRE;;;;;;;;
54;FLAMING MUSE;SUPPORT;3;2817;463;275;72;20;150;20;45;;;;FIRE;A;A;A;A;B;A;With great damage;20% chance of decreasing enemy's accuracy for 1 turn
55;WITCH;SABOTEUR;3;2267;532;151;77;25;150;25;10;;;;FIRE;;;;;;;;
56;FIRE SORCERESS;SABOTEUR;3;2675;599;191;84;25;150;25;10;6099;1330;440;FIRE;B;B;B;B;A;B;40% chance of confusing enemy for 1 turn or 60% chance of poisoning enemy for 1 turn;40% chance of confusing enemy for 1 turn 60% chance of poisoning enemy for 1 turn
57;HOLY SISTER;SUPPORT;3;2723;382;200;73;20;150;20;20;;;;FIRE;;;;;;;;
58;ARDENT PRIESTESS;SUPPORT;3;3131;449;240;80;20;150;20;20;6836;913;530;FIRE;A;B;A;B;B;B;50% chance of muting enemy, locking enemy's special abilities for 1 turn;65% chance of confusing enemy for 1 turn
59;TREANT;DEFENDER;3;3721;311;196;61;15;150;15;30;;;;FIRE;;;;;;;;
60;EMBER TREANT;DEFENDER;3;4129;378;236;61;15;150;15;55;9749;892;560;FIRE;A;A;A;A;B;A;65% chance of poisoning for 2 turns;With increased attack based on own max HP. 50% chance of lowering enemy's turn bar by 30%
61;MASARU MONK;DEFENDER;3;2628;399;223;69;15;150;15;30;;;;FIRE;;;;;;;;
62;FLAMING MASARU;DEFENDER;3;3036;466;263;69;15;150;40;30;;;;FIRE;B;B;B;B;B;B; With increased attack based on own defense. 50% chance of blinding enemy for 2 turns; With increased attack based on own defense. 50% chance of of increasing enemy's chance of receiving a critical attack for 2 turns
63;MINOTAUR;DEFENDER;3;3917;307;198;58;15;150;15;30;;;;FIRE;;;;;;;;
64;VOLCANIC MINOTAUR;DEFENDER;3;4325;374;238;58;15;150;15;55;;;;FIRE;B;B;B;B;B;B;With increased attack based on own max HP. 65% chance of poisoning enemy for 2 turns;With increased attack based on own max HP. 45% chance of stunning enemy for 1 turn
65;DRUID;SUPPORT;3;2498;375;235;73;20;150;20;20;;;;FIRE;;;;;;;;
66;FLAMING DRUID;SUPPORT;3;2906;442;275;80;20;150;20;20;6679;1062;663;FIRE;B;B;A;S;A;A;Heals self by 10% of own max HP;Increasing own speed for 1 turn
67;BUNRAKU SAMURAI;ATTACKER;3;2288;527;191;68;30;150;15;15;;;;FIRE;;;;;;;;
68;FLAMING SAMURAI;ATTACKER;3;2696;593;231;75;30;150;15;15;;;;FIRE;B;B;B;B;A;B;35% chance of decreasing enemy's defense for 1 turn;With great damage
69;BLADE DANCER;SABOTEUR;3;2082;392;234;84;25;150;25;10;;;;FIRE;;;;;;;;
70;FLAME DANCER;SABOTEUR;3;2490;458;274;84;25;200;25;10;5634;996;660;FIRE;B;C;B;B;A;B;If attack is critical, stuns enemy for 1 turn;50% chance of decreasing enemy's speed for 2 turns
71;KABUKI NINJA;ATTACKER;3;2413;399;226;74;30;150;15;15;;;;FIRE;;;;;;;;
72;BLAZING NINJA;ATTACKER;3;2821;466;266;74;30;200;15;15;;;;FIRE;B;C;C;C;B;C;With increased attack based on own speed. 30% chance of putting enemy to sleep for 1 turn;With increased attack based on own speed. 40% chance of preventing enemy from receiving beneficial effects for 1 turn
73;CRUSADER;DEFENDER;3;2551;374;238;71;15;150;15;30;;;;FIRE;;;;;;;;
74;ARDENT PALADIN;DEFENDER;3;2959;441;278;78;15;150;15;30;6812;954;671;FIRE;B;B;B;B;C;B;With increased attack based on own speed. 45% chance of stunning enemy for 1 turn;5% chance of marking enemy as hunted, amplifying incoming damage for 1 turn
75;JUGGERNAUT;DEFENDER;3;3033;247;280;66;15;150;15;30;;;;FIRE;;;;;;;;
76;BURNING RAVAGER;DEFENDER;3;3441;314;320;66;15;200;15;30;;;;FIRE;B;C;B;C;B;B;Heals self by 10%;80% chance of providing self with a chance of counter-attack for 1 turn
77;CYCLOPS;DEFENDER;3;2577;388;272;61;15;150;15;30;;;;FIRE;;;;;;;;
78;BURNING CYCLOPS;DEFENDER;3;2985;454;312;61;15;150;15;55;6877;986;762;FIRE;C;C;C;C;C;C;Grants self a shelter which reduces incoming damage by 40% for 1 turn;With increased attack based on own defense, decreases enemy's attack for 1 turn
79;SUCCUBUS;ATTACKER;3;2379;524;152;75;30;150;15;15;;;;FIRE;;;;;;;;
80;BLAZING LILIM;ATTACKER;3;2787;591;192;82;30;150;15;15;6380;1457;443;FIRE;B;B;B;B;A;B;With increased attack based on own speed;With increased attack based on own critical damage
81;MAULER;DEFENDER;3;2806;490;244;60;15;150;15;30;;;;FIRE;;;;;;;;
82;FIRE CRUSHER;DEFENDER;3;3214;557;284;60;15;200;15;30;;;;FIRE;B;B;B;B;B;B;Increases self critical chance for 1 turn;Increases self defense for 1 turn
83;LAVA DRAGON;ATTACKER;4;3125;792;354;78;30;150;15;15;;;;FIRE;;;;;;;;
84;RUBY DRAGON;ATTACKER;4;3533;858;394;78;30;200;15;15;5933;1466;666;FIRE;A;C;B;B;B;B;With increased attack based on own speed;Provides self with a shield of 10% of max HP
85;ANGEL MYSTIC;SUPPORT;4;4393;652;314;72;20;150;20;20;;;;FIRE;;;;;;;;
86;ARDENT HIEROPHANT;SUPPORT;4;4801;718;354;79;20;150;20;20;8176;1219;595;FIRE;S;A;S;S;A;S;With increased attack based on enemy's max HP;75% chance of decreasing the defense for 1 turn and lowering enemy's turn bar by 20%
87;DEVA;ATTACKER;4;3826;643;398;71;30;150;15;15;;;;FIRE;;;;;;;;
88;FLAMING ASURA;ATTACKER;4;4234;710;438;71;30;150;15;40;7173;1204;744;FIRE;S;B;B;S;B;A;50% chance to mute enemy for 1 turn;With great damage. 60% chance of decreasing enemy's speed for 1 turn
89;VAMPIRE KNIGHT;SABOTEUR;4;3272;663;393;81;25;150;25;10;;;;FIRE;;;;;;;;
90;DARKFIRE LORD;SABOTEUR;4;3680;729;433;88;25;150;25;10;6193;1238;735;FIRE;B;B;A;A;S;A;If attack is critical, confuse enemy;Drains enemy's HP. Drain is 60% of own attack
91;ANGEL ZEALOT;SUPPORT;4;3628;667;393;73;20;150;20;20;;;;FIRE;;;;;;;;
92;ARDENT JUSTICAR;SUPPORT;4;4036;733;433;73;20;150;20;45;6823;1246;734;FIRE;B;B;B;B;S;B;Gains a shield of 15% max HP;60% chance of increasing enemy's cooldown by 1
93;RAKSHASA;ATTACKER;4;3609;788;312;75;30;150;15;15;;;;FIRE;;;;;;;;
94;BLAZING RAKSHASA RAJA;ATTACKER;4;4017;854;352;75;30;200;15;15;6789;1459;592;FIRE;B;B;A;B;B;B;If attack is critical, prevents enemy from receiving healing effects and reviving for 2 turns;50% chance of decreasing enemy's speed, and 50% chance of amplifying incoming damage by 40% for 1 turn
95;GOBLIN SHAMAN;SABOTEUR;4;3424;642;399;79;25;150;25;10;;;;FIRE;;;;;;;;
96;FLAMING HEXXER;SABOTEUR;4;3832;708;439;86;25;150;25;10;6462;1201;745;FIRE;A;A;A;A;S;A;70% chance to remove beneficial effect;With great damage. 60% chance of poisoning enemy for 2 turns
97;GIANT;ATTACKER;4;4272;713;353;64;30;150;15;15;;;;FIRE;;;;;;;;
98;LAVA EINHERJAR;ATTACKER;4;4680;779;393;64;30;150;15;40;7962;1327;664;FIRE;C;C;C;B;B;C;80% chance of decreasing both enemy's attack and defense for 2 turns OR 70% chance of stunning enemy for 1 turn;80% chance of decreasing both enemy's attack and defense for 2 turns OR 70% chance of stunning enemy for 1 turn
99;COLOSSUS;DEFENDER;4;4922;513;435;60;15;150;15;30;;;;FIRE;;;;;;;;
100;FIRE TITAN;DEFENDER;4;5330;579;475;60;15;150;40;30;9111;973;809;FIRE;B;B;B;A;S;A;65% chance of preventing enemy from receiving benefitical effects for 1 turn;With increased attack based on own defense, decreases enemy's attack for 1 turn
101;DAIMYO;ATTACKER;4;3658;732;355;72;30;150;15;15;;;;FIRE;;;;;;;;
102;FLAMING SHOGUN;ATTACKER;4;4066;799;395;72;30;200;15;15;6876;1361;668;FIRE;B;B;B;C;C;B;60% chance to recover turn after atk;60% chance of attack all instead, inflicting moderate damage
103;NEROMANCER DISCIPLE;SABOTEUR;4;3389;661;387;80;25;150;25;10;;;;FIRE;;;;;;;;
104;FIRE DEATHLORD;SABOTEUR;4;3800;728;427;84;25;150;25;10;;;;FIRE;B;B;B;B;A;B;Steals 25% of turn bar;50% chance of muting enemy for 2 turns
105;EBON KNIGHT;DEFENDER;4;3435;644;439;72;15;150;15;30;6074;1139;776;FIRE;;;;;;;;
106;FIERY DEATH KNIGHT;DEFENDER;4;3843;711;479;72;15;150;15;55;6482;1206;816;FIRE;B;B;B;B;C;B;With increased attack based on own defense. 65% chance of taunting enemy for 1 turn;65% chance of stunning enemy for 1 turn
107;FACELESS;SABOTEUR;4;3673;681;376;80;25;150;25;10;;;;FIRE;;;;;;;;
108;BLAZING FACELESS;SABOTEUR;4;4081;748;416;80;25;150;50;10;6902;1262;705;FIRE;S;A;S;S;S;S;Removes 1 of enemy's beneficial effects;Removes 1 of own harmful effects effect
109;ARCANE BIRD;SABOTEUR;2;1561;168;120;73;20;150;20;20;;;;WATER;;;;;;;;
110;ARCANE EAGLE;SABOTEUR;2;1765;202;140;73;20;150;20;20;;;;WATER;;;;;;;;
111;FROST SIMURGH;SABOTEUR;2;2071;252;170;80;20;150;20;20;6878;881;687;WATER;A;A;A;A;C;A; Heals self by 10% of own max HP;With great damage
112;PIXIE;SABOTEUR;2;1057;197;150;74;20;150;20;20;;;;WATER;;;;;;;;
113;SPRITE;SABOTEUR;2;1261;231;179;74;20;150;20;20;;;;WATER;;;;;;;;
114;WINTER QUEEN;SABOTEUR;2;1567;281;209;74;20;150;20;45;;;;WATER;C;C;C;C;C;C;30% chance to prevent enemy from receiving healing effects for 1 turn; 60% chance of increasing own resistance for 1 turn
115;BRIGHT FAWN;SUPPORT;2;1545;172;119;73;20;150;20;20;;;;WATER;;;;;;;;
116;SUN DEER;SUPPORT;2;1749;206;139;73;20;150;20;20;;;;WATER;;;;;;;;
117;FROST PATRIARCH;SUPPORT;2;2055;256;169;80;20;150;20;20;;;;WATER;C;C;C;C;C;C;Heals self by 10% max HP;50% chance of lowering enemy's turn bar by 20%
118;WOLF CUB;ATTACKER;2;1447;267;78;70;30;150;15;15;;;;WATER;;;;;;;;
119;WOLF;ATTACKER;2;1651;300;98;70;30;150;15;15;;;;WATER;;;;;;;;
120;ICY SILVERBACK;ATTACKER;2;1957;350;128;70;30;200;15;15;;;;WATER;B;B;C;B;B;B;With great damage;50% chance of draining enemy's HP. Drain is 25% of own attack
121;YOUNG GRIFFIN;ATTACKER;2;1612;263;72;67;30;150;15;15;;;;WATER;;;;;;;;
122;GRIFFIN;ATTACKER;2;1816;296;92;67;30;150;15;15;;;;WATER;;;;;;;;
123;WINTER GRIFFIN;ATTACKER;2;2122;346;312;67;30;150;40;15;;;;WATER;C;C;C;C;C;C;25% chance of draining enemy's HP. Drain is 75% of own attack;With increased attack based on own critical damage
124;SNAKEFLY;ATTACKER;2;1454;247;74;77;30;150;15;15;;;;WATER;;;;;;;;
125;SERPENTFLY;ATTACKER;2;1658;281;94;77;30;150;15;15;;;;WATER;;;;;;;;
126;ICY DRAGONFLY;ATTACKER;2;1964;331;124;84;30;150;15;15;;;;WATER;B;B;C;B;C;B;35% chance of removing of 1 beneficial effect from enemy;35% chance of decreasing enemy's attack for 2 turns
127;UNICORN FOAL;SUPPORT;2;1806;189;71;74;20;150;20;20;;;;WATER;;;;;;;;
128;UNICORN;SUPPORT;2;2010;222;91;74;20;150;20;20;;;;WATER;;;;;;;;
129;FROST UNICORN;SUPPORT;2;2316;272;121;74;20;150;20;45;;;;WATER;C;B;C;B;C;C;50% chance of lowering enemy's turn bar by 20%;With great damage with attack increase based on own speed
130;GARGOYLE WHELP;SABOTEUR;2;1384;194;113;77;25;150;25;10;;;;WATER;;;;;;;;
131;GARGOYLE;SABOTEUR;2;1588;228;133;77;25;150;25;10;;;;WATER;;;;;;;;
132;ICY GARGOYLE;SABOTEUR;2;1894;278;163;77;25;150;50;10;;;;WATER;B;B;C;B;B;B;30% chance of turning enemy to stone for 1 turn;40% of increasing duration of enemy's current harmful effects by 1 turn
133;RUNE SENTINEL;DEFENDER;2;1603;185;114;69;20;150;15;30;;;;WATER;;;;;;;;
134;RUNE GUARDIAN;DEFENDER;2;1807;218;134;69;20;150;15;30;;;;WATER;;;;;;;;
135;ICY WARDEN;DEFENDER;2;2113;268;164;69;20;150;15;55;;;;WATER;C;C;C;C;C;C;20% chance of recovering the turn;20% chance of stunning enemy for 1 turn
136;SPHINX KITTEN;SABOTEUR;2;1510;263;68;73;25;150;25;10;;;;WATER;;;;;;;;
137;SPHINX;SABOTEUR;2;1714;296;88;73;25;150;25;10;;;;WATER;;;;;;;;
138;FROST SPHINX;SABOTEUR;2;2020;346;118;73;25;200;25;10;;;;WATER;C;C;C;B;B;C;With great damage. 25% chance of decreasing enemy's defense for 1 turn;25% chance of increasing the remaining waiting turns of enemy's skills on cooldown by 1
139;MINI GOLEM;DEFENDER;2;2342;107;118;58;15;150;15;30;;;;WATER;;;;;;;;
140;GOLEM;DEFENDER;2;2546;141;138;58;15;150;15;30;;;;WATER;;;;;;;;
141;FROST GOLEM;DEFENDER;2;2852;191;168;58;15;200;15;30;;;;WATER;B;B;C;B;C;B;With increased attack based on own max HP. 50% chance of decreasing enemy's speed for 1 turn;35% chance of turning enemy to stone for 1 turn
142;DJINN;SUPPORT;2;1440;194;117;72;20;150;20;20;;;;WATER;;;;;;;;
143;FROST DJINN;SUPPORT;2;1848;261;157;72;20;150;20;45;;;;WATER;B;B;C;B;B;B; With great damage;20% chance of decreasing enemy's resistance for 2 turns
144;NYMPH;SUPPORT;2;1784;182;78;74;20;150;20;20;;;;WATER;;;;;;;;
145;WATER MUSE;SUPPORT;2;2192;249;118;74;20;150;20;45;7686;930;454;WATER;B;B;B;B;C;B;With great damage;20% chance of decreasing enemy's accuracy for 1 turn
146;GHOST;SABOTEUR;2;1409;179;116;79;25;150;25;10;;;;WATER;;;;;;;;
147;CHILLING SPECTRE;SABOTEUR;2;1817;246;156;79;25;150;50;10;;;;WATER;A;A;B;B;C;B;60% chance of poisoning enemy for 1 turn;65% chance of amplifying enemy's incoming damage by 40% for 1 turn
148;WITCH;ATTACKER;2;1214;247;118;71;30;150;15;15;;;;WATER;;;;;;;;
149;WINTER SORCERESS;ATTACKER;2;1622;314;158;71;30;150;15;40;5361;1243;666;WATER;B;B;C;B;B;B;60% chance of poisoning enemy for 1 turn;40% chance of confusing enemy for 1 turn
150;HARPY;SABOTEUR;2;1395;256;68;81;25;150;25;10;;;;WATER;;;;;;;;
151;HAIL FURY;SABOTEUR;2;1803;322;108;81;25;150;25;35;;;;WATER;C;C;C;C;C;C; With great damage;35% chance of decreasing enemy's attack for 1 turn
152;BLACKFANG ROGUE;ATTACKER;2;1504;182;119;72;30;150;15;15;;;;WATER;;;;;;;;
153;FREEZING ASSASSIN;ATTACKER;2;1912;249;159;79;30;150;15;15;;;;WATER;C;C;C;C;C;C;50% chance of poisoning enemy for 2 turns;45% chance of refilling own turnbar by 25%
154;SHIELDGUARD;DEFENDER;2;1772;132;157;59;15;150;15;30;;;;WATER;;;;;;;;
155;WINTER GUARD;DEFENDER;2;2180;199;197;59;15;150;15;55;;;;WATER;B;B;C;B;C;B;With increased attack based on own defense;50% chance of decreasing enemy's attack for 2 turns
156;STONE GUARD;DEFENDER;2;1715;128;156;62;15;150;15;30;;;;WATER;;;;;;;;
157;ICE KNIGHT;DEFENDER;2;2123;194;196;62;15;150;15;55;;;;WATER;A;A;B;A;A;A;Taunts enemy with a 25% chance;50% chance of decreasing enemy's critical damage for 2 turns
158;IMP;SABOTEUR;2;1349;249;73;83;25;150;25;10;;;;WATER;;;;;;;;
159;RIVER FAMILIAR;SABOTEUR;2;1757;316;113;83;25;150;50;10;;;;WATER;A;A;B;A;C;B;40% chance of execrating enemy, disabling 20% of enemy's HP;With increased damage based on enemy's speed
160;BASILISK;ATTACKER;2;1468;234;57;67;30;150;15;15;;;;WATER;;;;;;;;
161;FREEZING BASILISK;ATTACKER;2;1876;301;97;67;30;150;40;15;;;;WATER;S;S;A;S;C;S;Increase self speed for 1 turn;With increased damage based on own speed
162;SPIRIT CUB;SUPPORT;3;2920;393;153;76;20;150;20;20;;;;WATER;;;;;;;;
163;SPIRIT FOX;SUPPORT;3;3124;427;173;76;20;150;20;20;;;;WATER;;;;;;;;
164;ICY KITSUNE;SUPPORT;3;3430;477;203;83;20;150;20;20;7840;1013;456;WATER;A;A;S;S;B;A;50% chance of casting a shield on self, providing shelter of 15% max HP for 2 turns;50% chance of stealing 15% of enemy's turn bar
165;FELICORE;SABOTEUR;3;2079;531;187;75;25;150;25;10;;;;WATER;;;;;;;;
166;MANTICORE;SABOTEUR;3;2283;564;207;75;25;150;25;10;;;;WATER;;;;;;;;
167;ICY SCORPICORE;SABOTEUR;3;2589;614;237;75;25;150;50;10;5729;1343;546;WATER;B;B;B;A;C;B;60% chance of poisoning enemy for 1 turn;50% chance of decreasing enemy's accuracy and 50% chance of decreasing enemy's resistance for 1 turn
168;HOLY SISTER;SUPPORT;3;3102;317;193;73;20;150;20;20;;;;WATER;;;;;;;;
169;SERENE PRIESTESS;SUPPORT;3;3510;383;233;73;20;150;20;45;8194;907;552;WATER;S;S;S;S;A;S;50% chance of muting enemy, locking enemy's special abilities for 1 turn;65% chance of confusing enemy for 1 turn
170;TREANT;DEFENDER;3;3616;332;182;63;15;150;15;30;;;;WATER;;;;;;;;
171;WINTER TREANT;DEFENDER;3;4024;399;222;63;15;150;15;55;9485;948;523;WATER;A;A;A;A;B;A;With increased atack based on own max HP. 65% chance of poisoning for 2 turns;With increased atack based on own max HP. 50% chance of lowering enemy's turn bar by 30%
172;MASARU MONK;DEFENDER;3;2682;372;237;68;15;150;15;30;;;;WATER;;;;;;;;
173;FREEZING MASARU;DEFENDER;3;3090;439;277;75;15;150;15;30;7140;1054;669;WATER;A;A;A;A;A;A;With increased attack based on own defense. 50% chance of blinding enemy for 2 turns;With increased attack based on own defense. 50% chance of of increasing enemy's chance of receiving a critical attack for 2 turns
174;MINOTAUR;DEFENDER;3;3091;371;238;59;15;150;15;30;;;;WATER;;;;;;;;
175;ICECAVE MINOTAUR;DEFENDER;3;3499;438;278;59;15;150;40;30;;;;WATER;B;B;B;B;A;B;With increased attack based on own max HP. 65% chance of poisoning enemy for 2 turns;With increased attack based on own max HP. 45% chance of stunning enemy for 1 turn
176;DRUID;SUPPORT;3;2523;381;233;72;20;150;20;20;;;;WATER;;;;;;;;
177;WINTER DRUID;SUPPORT;3;2931;447;273;79;20;150;20;20;6741;970;658;WATER;B;B;B;B;B;B;Increasing own speed for 1 turn;Heals self by 10% of own max HP
178;BUNRAKU SAMURAI;ATTACKER;3;2330;504;199;68;30;150;15;15;;;;WATER;;;;;;;;
179;FREEZING SAMURAI;ATTACKER;3;2738;571;239;68;30;200;15;15;6257;1264;568;WATER;B;B;C;B;B;B;With great damage;35% chance of decreasing enemy's defense for 1 turn
180;BLADE DANCER;ATTACKER;3;2300;510;156;79;30;150;15;15;;;;WATER;;;;;;;;
181;BLIZZARD DANCER;ATTACKER;3;2708;577;196;79;30;150;40;15;6182;1278;454;WATER;B;B;C;A;B;B;If attack is critical, stuns enemy for 1 turn;50% chance of decreasing enemy's speed for 2 turns
182;KABUKI NINJA;SABOTEUR;3;2166;521;157;81;25;150;25;10;;;;WATER;;;;;;;;
183;FREEZING NINJA;SABOTEUR;3;2574;588;197;81;25;150;50;10;;;;WATER;C;C;C;C;C;C;With increased damage based on own speed. 40% chance of preventing enemy from receiving beneficial effects for 1 turn;With increased damage based on own speed. 30% chance of putting enemy to sleep for 1 turn
184;CRUSADER;DEFENDER;3;2506;399;231;70;15;150;15;30;;;;WATER;;;;;;;;
185;SERENE PALADIN;DEFENDER;3;2914;466;271;77;15;150;15;30;;;;WATER;B;B;C;B;B;B;With increased damage based on own speed. 45% chance of stunning enemy for 1 turn;75% chance of marking enemy as hunted, amplifying incoming damage for 1 turn
186;JUGGERNAUT;DEFENDER;3;2734;375;239;66;15;150;15;30;;;;WATER;;;;;;;;
187;FROST RAVAGER;DEFENDER;3;3142;442;279;73;15;150;15;30;;;;WATER;A;B;B;B;A;B;Heals self by 10%;80% chance of providing self with a chance of counter-attack for 1 turn
188;CYCLOPS;DEFENDER;3;2486;332;318;60;15;150;15;30;;;;WATER;;;;;;;;
189;OCEANIC CYCLOPS;DEFENDER;3;2894;399;358;60;15;150;40;30;;;;WATER;B;B;C;B;C;B;Grants self a shelter which reduces incoming damage by 40% for 1 turn;With increased attack based on own defense, decreases enemy's attack for 1 turn
190;SUCCUBUS;ATTACKER;3;2433;503;159;75;30;150;15;15;;;;WATER;;;;;;;;
191;ICE LILIM;ATTACKER;3;2841;569;199;75;30;150;40;15;;;;WATER;B;B;C;B;B;B;With increased damage based on own critical damage;With increased damage based on own speed
192;MAULER;DEFENDER;3;2870;361;210;62;15;150;15;30;;;;WATER;;;;;;;;
193;ICE CRUSHER;DEFENDER;3;3278;428;250;62;15;200;15;55;;;;WATER;B;B;C;B;B;B;Increases self defense for 1 turn;Increases self critical chance for 1 turn
194;ICE DRAGON;SABOTEUR;4;3373;635;400;81;25;150;25;10;;;;WATER;;;;;;;;
195;SAPPHIRE DRAGON;SABOTEUR;4;3781;702;440;81;25;150;50;10;6372;1190;747;WATER;A;A;B;S;A;S;Decrease enemy spd for 2 turns;Decreases enemy's resistance for 2 turns
196;ANGEL MYSTIC;SUPPORT;4;3958;658;355;73;20;150;20;20;;;;WATER;;;;;;;;
197;SERENE HIEROPHANT;SUPPORT;4;4366;725;395;73;20;150;20;45;7406;1230;668;WATER;S;S;A;S;A;S;With increased attack based on enemy's max HP;75% chance of decreasing the defense for 1 turn and lowering enemy's turn bar by 20%
198;DEVA;ATTACKER;4;3860;643;394;71;30;150;15;15;;;;WATER;;;;;;;;
199;WINTER ASURA;ATTACKER;4;4268;710;434;71;30;200;15;15;7233;1084;737;WATER;B;A;C;A;A;A;50% chance of muting enemy, locking enemy's special abilities for 1 turn;With great damage. 60% chance of decreasing enemy's speed for 1 turn
200;VAMPIRE KNIGHT;SABOTEUR;4;3322;789;313;81;25;150;25;10;5874;1395;553;WATER;;;;;;;;
201;CHILLING LORD;SABOTEUR;4;3730;856;353;88;25;150;25;10;6282;1315;594;WATER;A;A;B;A;B;A;If attack is critical, confuses enemy for 1 turn;Drains enemy's HP. Drain is 60% of own attack
202;ANGEL ZEALOT;DEFENDER;4;4007;658;393;67;15;150;15;30;;;;WATER;;;;;;;;
203;SERENE JUSTICAR;SUPPORT;4;4415;725;433;74;15;150;15;30;7493;1109;734;WATER;B;B;B;B;S;B;Creates a shield over self, sheltering 15% of max HP for 1 turn; 60% chance of increasing enemy's cooldown by 1
204;RAKSHASA;ATTACKER;4;3570;722;355;75;30;150;15;15;;;;WATER;;;;;;;;
205;FREEZING RAKSHASA RAJA;ATTACKER;4;3978;789;395;75;30;200;15;15;6720;1344;668;WATER;A;A;B;A;A;A;If attack is critical, prevents enemy from receiving healing effects and reviving for 2 turns;50% chance of decreasing enemy's speed, and 50% chance of amplifying incoming dmaage by 40% for 1 turn
206;GOBLIN SHAMAN;SUPPORT;4;3970;643;359;74;20;150;20;20;;;;WATER;;;;;;;;
207;FREEZING HEXXER;SUPPORT;4;4378;710;399;74;20;150;20;45;7428;1084;675;WATER;A;A;A;A;A;A;70% chance of removing 1 beneficial effect from enemy; With great damage. 60% chance of poisoning enemy for 2 turns
208;GIANT;ATTACKER;4;4416;711;354;62;30;150;15;15;;;;WATER;;;;;;;;
209;WINTER EINHERJAR;ATTACKER;4;4824;778;394;62;30;150;40;15;8216;1192;666;WATER;B;B;B;B;C;B;70% chance of stunning enemy for 1 turn;80% chance of decreasing both enemy's attack and defense for 2 turns
210;COLOSSUS;DEFENDER;4;4488;641;396;61;15;150;15;30;;;;WATER;;;;;;;;
211;FROST TITAN;DEFENDER;4;4896;707;436;61;15;150;40;30;8344;1199;740;WATER;A;A;A;S;B;A;65% chance of preventing enemy from receiving benefitical effects for 1 turn;With increased attack based on own defense
212;DAIMYO;SABOTEUR;4;3492;650;392;78;25;150;25;10;;;;WATER;;;;;;;;
213;FROST SHOGUN;SABOTEUR;4;3900;717;432;78;25;150;50;10;6582;1216;733;WATER;A;A;A;A;A;A;60% chance of getting another turn;60% chance of attack all instead, inflicting moderate damage
214;NEROMANCER DISCIPLE;SABOTEUR;4;3337;782;320;80;25;150;25;10;;;;WATER;;;;;;;;
215;ICE DEATHLORD;SABOTEUR;4;3745;849;360;80;25;150;25;35;6308;1305;606;WATER;C;C;C;C;B;C;50% chance of muting enemy for 2 turns;Steals 25% of enemy's turn bar
216;EBON KNIGHT;DEFENDER;4;3444;656;431;72;15;150;15;30;;;;WATER;;;;;;;;
217;FREEZING DEATH KNIGHT;DEFENDER;4;3852;722;471;72;15;150;40;30;6498;1104;802;WATER;C;C;C;C;B;C;65% chance of stunning enemy for 1 turn;With increased attack based on own defense. 65% chance of taunting enemy for 1 turn
218;FACELESS;SABOTEUR;4;3743;679;385;80;25;150;25;10;;;;WATER;;;;;;;;
219;WINTER FACELESS;SABOTEUR;4;4151;746;425;80;25;150;50;10;;;;WATER;B;B;B;B;A;B;Removes 1 of enemy's beneficial effects;Removes 1 of own harmful effects effect
220;ARCANE BIRD;SABOTEUR;2;1390;266;70;77;25;150;25;10;;;;WIND;;;;;;;;
221;ARCANE EAGLE;SABOTEUR;2;1594;299;90;77;25;150;25;10;;;;WIND;;;;;;;;
222;STORM SIMURGH;SABOTEUR;2;1900;349;120;77;25;150;50;10;;;;WIND;C;C;C;C;B;C; Heals self by 10% of own max HP;With great damage
223;PIXIE;SABOTEUR;2;1433;194;107;79;25;150;25;10;;;;WIND;;;;;;;;
224;SPRITE;SABOTEUR;2;1637;228;124;79;25;150;25;10;;;;WIND;;;;;;;;
225;STORM QUEEN;SABOTEUR;2;1943;278;154;79;25;150;25;35;;;;WIND;C;B;B;B;B;B;30% chance to prevent enemy from receiving healing effects for 1 turn;60% chance of increasing own resistance for 1 turn
226;BRIGHT FAWN;SUPPORT;2;1484;185;117;73;20;150;20;20;;;;WIND;;;;;;;;
227;SUN DEER;SUPPORT;2;1688;218;137;73;20;150;20;20;;;;WIND;;;;;;;;
228;ETHEREAL PATRIARCH;SUPPORT;2;1994;268;167;80;20;150;20;20;;;;WIND;C;C;C;C;C;C;Heals self by 10% max HP;50% chance of lowering enemy's turn bar by 20%
229;YOUNG GRIFFIN;ATTACKER;2;1599;254;78;67;30;150;15;15;;;;WIND;;;;;;;;
230;GRIFFIN;ATTACKER;2;1803;288;98;67;30;150;15;15;;;;WIND;;;;;;;;
231;STORM GRIFFIN;ATTACKER;2;2109;338;128;74;30;150;15;15;;;;WIND;C;C;C;C;C;C;25% chance of draining enemy's HP. Drain is 75% of own attack;With increased attack based on own critical damage
232;UNICORN FOAL;SUPPORT;2;1840;174;77;74;20;150;20;20;;;;WIND;;;;;;;;
233;UNICORN;SUPPORT;2;2044;207;97;74;20;150;20;20;;;;WIND;;;;;;;;
234;LIGHTING UNICORN;SUPPORT;2;2350;257;127;74;20;150;20;45;;;;WIND;B;A;B;A;B;A;50% chance of lowering enemy's turn bar by 20%;With great damage with attack increase based on own speed
235;RUNE SENTINEL;DEFENDER;2;1874;116;157;59;15;150;15;30;;;;WIND;;;;;;;;
236;RUNE GUARDIAN;DEFENDER;2;2078;149;177;59;15;150;15;30;;;;WIND;;;;;;;;
237;TEMPEST WARDEN;DEFENDER;2;2384;199;207;59;15;150;15;55;;;;WIND;C;B;C;C;C;C;20% chance of recovering the turn;20% chance of stunning enemy for 1 turn
238;SPHINX KITTEN;DEFENDER;2;1918;175;116;59;15;150;15;30;;;;WIND;;;;;;;;
239;SPHINX;DEFENDER;2;2122;208;136;59;15;150;15;30;;;;WIND;;;;;;;;
240;LIGHTING SPHINX;DEFENDER;2;2428;258;166;59;15;150;15;55;;;;WIND;C;C;C;C;C;C;With great damage. 25% chance of decreasing enemy's defense for 1 turn;25% chance of increasing the remaining waiting turns of enemy's skills on cooldown by 1
241;MINI GOLEM;DEFENDER;2;2298;131;108;58;15;150;15;30;;;;WIND;;;;;;;;
242;GOLEM;DEFENDER;2;2502;164;128;58;15;150;15;30;;;;WIND;;;;;;;;
243;TEMPEST GOLEM;DEFENDER;2;2808;214;158;65;15;150;15;30;9885;701;623;WIND;B;B;B;B;C;B;With increased attack based on own max HP. 50% chance of decreasing enemy's speed for 1 turn; 35% chance of turning enemy to stone for 1 turn
244;SOULLESS MARIONETTE;SABOTEUR;2;1410;253;77;76;25;150;25;10;;;;WIND;;;;;;;;
245;SOULLESS STRIDER;SABOTEUR;2;1614;286;97;76;25;150;25;10;;;;WIND;;;;;;;;
246;THUNDER STALKER;SABOTEUR;2;1920;336;127;76;25;150;50;10;;;;WIND;B;B;B;B;C;B;40% chance of decreasing enemy's resistance for 1 turn; With great damage. 60% chance of poisoning enemy for 2 turns
247;DJINN;SUPPORT;2;1486;193;116;71;20;150;20;20;;;;WIND;;;;;;;;
248;ETHEREAL DJINN;SUPPORT;2;1894;260;156;71;20;150;20;45;;;;WIND;B;B;B;B;B;B;With great damage;20% chance of decreasing enemy's resistance for 2 turns
249;NYMPH;SUPPORT;2;1418;196;117;73;20;150;20;20;;;;WIND;;;;;;;;
250;THUNDER MUSE;SUPPORT;2;1826;263;157;73;20;150;20;45;;;;WIND;C;B;C;C;C;C;With great damage;20% chance of decreasing enemy's accuracy for 1 turn
251;GHOST;SABOTEUR;2;1413;185;114;78;25;150;25;10;;;;WIND;;;;;;;;
252;HOWLING SPECTRE;SABOTEUR;2;1821;252;154;78;25;150;50;10;6172;946;645;WIND;A;B;A;B;C;B;60% chance of poisoning enemy for 1 turn;65% chance of amplifying enemy's incoming damage by 40% for 1 turn
253;WITCH;ATTACKER;2;1257;246;115;71;30;150;15;15;;;;WIND;;;;;;;;
254;STORM SORCERESS;ATTACKER;2;1665;313;155;71;30;150;15;40;5536;1372;650;WIND;B;C;C;B;C;C;60% chance of poisoning enemy for 1 turn;40% chance of confusing enemy for 1 turn
255;HARPY;SUPPORT;2;1459;193;110;75;20;150;20;20;;;;WIND;;;;;;;;
256;STORM FURY;SUPPORT;2;1867;260;150;82;20;150;20;20;;;;WIND;C;C;C;B;C;C; With great damage;35% chance of decreasing enemy's attack for 1 turn
257;BLACKFANG ROGUE;SABOTEUR;2;1387;242;79;80;25;150;25;10;;;;WIND;;;;;;;;
258;LIGHTING ASSASSIN;SABOTEUR;2;1795;308;119;80;25;150;50;10;;;;WIND;B;B;B;B;B;B;50% chance of poisoning enemy for 2 turns;45% chance of refilling own turnbar by 25%
259;SHIELDGUARD;DEFENDER;2;1918;127;149;58;15;150;15;30;;;;WIND;;;;;;;;
260;TEMPEST GUARD;DEFENDER;2;2326;193;189;58;15;200;40;30;;;;WIND;C;C;C;C;C;C;With increased attack based on own defense;50% chance of decreasing enemy's attack for 2 turns
261;STONE GUARD;DEFENDER;2;2237;125;106;61;15;150;15;30;;;;WIND;;;;;;;;
262;SILVER KNIGHT;DEFENDER;2;2645;192;146;68;15;150;15;30;;;;WIND;C;C;C;C;C;C;Taunts enemy with a 25% chance;50% chance of decreasing enemy's critical damage for 2 turns
263;IMP;ATTACKER;2;1171;253;109;77;30;150;15;15;;;;WIND;;;;;;;;
264;BREEZE FAMILIAR;ATTACKER;2;1579;319;149;84;30;150;15;15;;;;WIND;B;B;B;B;C;B;40% chance of execrating enemy, disabling 20% of enemy's HP;With increased damage based on enemy's speed
265;BASILISK;ATTACKER;2;1409;280;63;68;30;150;15;15;5748;1337;334;WIND;;;;;;;;
266;LIGHTING BASILISK;ATTACKER;2;1817;347;103;75;30;150;15;15;6156;1396;375;WIND;A;A;A;S;B;A;Increasing the attack damage based on your speed; Increase self speed for 1 turn
267;SPIRIT CUB;SUPPORT;3;2350;396;228;76;20;150;20;20;;;;WIND;;;;;;;;
268;SPIRIT FOX;SUPPORT;3;2554;429;248;76;20;150;20;20;;;;WIND;;;;;;;;
269;STORM KITSUNE;SUPPORT;3;2860;479;278;83;20;150;20;20;;;;WIND;B;B;B;A;B;B;50% chance of casting a shield on self, providing shelter of 15% max HP for 2 turns; 50% chance of stealing 15% of enemy's turn bar
270;FELICORE;SABOTEUR;3;2721;458;147;75;25;150;25;10;;;;WIND;;;;;;;;
271;MANTICORE;SABOTEUR;3;2925;492;167;75;25;150;25;10;;;;WIND;;;;;;;;
272;LIGHTING SCORPICORE;SABOTEUR;3;3231;542;197;75;25;200;25;10;7340;1170;440;WIND;A;A;B;A;B;A;60% chance of poisoning enemy for 1 turn;50% chance of decreasing enemy's accuracy and 50% chance of decreasing enemy's resistance for 1 turn
273;SNAKEFLY;ATTACKER;3;2273;532;148;78;30;150;15;15;;;;WIND;;;;;;;;
274;SERPENTFLY;ATTACKER;3;1477;566;168;78;30;150;15;15;;;;WIND;;;;;;;;
275;THUNDER DRAGONFLY;ATTACKER;3;2783;616;198;78;30;150;15;40;;;;WIND;B;B;C;B;C;B;35% chance of removing 1 beneficial effect;35% chance of decreasing enemy's attack for 2 turns
276;GARGOYLE WHELP;SABOTEUR;3;2350;377;240;76;25;150;25;10;;;;WIND;;;;;;;;
277;GARGOYLE;SABOTEUR;3;2554;410;260;76;25;150;25;10;;;;WIND;;;;;;;;
278;SILVER GARGOYLE;SABOTEUR;3;2860;460;290;76;25;200;25;10;6409;1083;687;WIND;A;B;B;A;C;B;30% chance of turning enemy to stone for 1 turn;40% of increasing duration of enemy's current harmful effects by 1 turn
279;HOLY SISTER;SUPPORT;3;3012;329;194;73;20;150;20;20;;;;WIND;;;;;;;;
280;EXALTED PRIESTESS;SUPPORT;3;3420;396;234;73;20;150;45;20;;;;WIND;B;A;A;A;B;A;50% chance of muting enemy, locking enemy's special abilities for 1 turn;65% chance of confusing enemy for 1 turn
281;TREANT;SABOTEUR;3;3265;242;280;62;15;150;15;30;8196;642;743;WIND;;;;;;;;
282;RUSTLING TREANT;SABOTEUR;3;3673;308;320;62;15;150;15;55;8604;708;783;WIND;A;A;B;A;A;A;Increasing based on own max HP. 65% chance of poisoning for 2 turns;With increased attack based on own max HP. 50% chance of lowering enemy's turn bar by 30%
283;MASARU MONK;DEFENDER;3;2668;393;226;68;15;150;15;30;;;;WIND;;;;;;;;
284;ETHEREAL MASARU;DEFENDER;3;3076;460;266;68;15;150;15;55;;;;WIND;B;A;B;A;B;B;With increased attack based on own defense. 50% chance of blinding enemy for 2 turns;With increased attack based on own defense. 50% chance of of increasing enemy's chance of receiving a critical attack for 2 turns
285;MINOTAUR;DEFENDER;3;3869;302;200;59;15;150;15;30;;;;WIND;;;;;;;;
286;STORM MINOTAUR;DEFENDER;3;4277;368;240;66;15;150;15;30;;;;WIND;C;C;C;C;C;C;With increased attack based on own max HP. 65% chance of poisoning enemy for 2 turns;With increased attack based on own max HP. 45% chance of stunning enemy for 1 turn
287;DRUID;SUPPORT;3;2409;386;237;73;20;150;20;20;;;;WIND;;;;;;;;
288;STORM DRUID;SUPPORT;3;2817;453;277;73;20;150;20;45;6455;983;669;WIND;B;A;B;A;C;B;Increasing own speed for 1 turn;Heals self by 10% of own max HP
289;BUNRAKU SAMURAI;ATTACKER;3;2604;531;142;70;30;150;15;15;;;;WIND;;;;;;;;
290;THUNDER SAMURAI;ATTACKER;3;3012;597;182;70;30;200;15;15;6945;1328;417;WIND;B;A;B;A;S;A;With great damage;35% chance of decreasing enemy's defense for 1 turn
291;BLADE DANCER;ATTACKER;3;2342;500;160;78;30;150;15;15;;;;WIND;;;;;;;;
292;STORM DANCER;ATTACKER;3;2750;567;200;78;30;150;40;15;6697;939;599;WIND;B;B;B;A;C;B;If attack is critical, stuns enemy for 1 turn;50% chance of decreasing enemy's speed for 2 turns
293;KABUKI NINJA;SABOTEUR;3;2282;500;160;80;25;150;25;10;;;;WIND;;;;;;;;
294;THUNDER NINJA;SABOTEUR;3;2690;567;200;87;30;150;25;10;6137;1254;465;WIND;B;A;B;B;A;B;With increased damage based on own speed. 30% chance of putting enemy to sleep for 1 turn;With increased damage based on own speed. 40% chance of preventing enemy from receiving beneficial effects for 1 turn
295;CRUSADER;SUPPORT;3;2962;378;158;76;20;150;20;20;;;;WIND;;;;;;;;
296;EXALTED PALADIN;SUPPORT;3;3370;444;198;83;20;150;20;20;7843;962;459;WIND;A;A;A;A;S;A;With increased damage based on own speed. 45% chance of stunning enemy for 1 turn;75% chance of marking enemy as hunted, amplifying incoming damage for 1 turn
297;JUGGERNAUT;DEFENDER;3;2712;394;229;66;15;150;15;30;;;;WIND;;;;;;;;
298;STORM RAVAGER;DEFENDER;3;3120;461;269;73;15;150;15;30;;;;WIND;B;B;B;B;A;B;Heals self by 10%;80% chance of providing self with a chance of counter-attack for 1 turn
299;CYCLOPS;DEFENDER;3;2701;318;310;59;15;150;15;30;;;;WIND;;;;;;;;
300;THUNDER CYCLOPS;DEFENDER;3;3109;385;350;59;15;150;15;55;7188;910;862;WIND;B;B;B;B;B;B;Grants self a shelter which reduces incoming damage by 40% for 1 turn;With increased attack based on own defense, decreases enemy's attack for 1 turn
301;SUCCUBUS;ATTACKER;3;2327;519;156;76;30;150;15;15;;;;WIND;;;;;;;;
302;TEMPEST LILIM;ATTACKER;3;2735;586;196;76;30;150;15;40;;;;WIND;B;B;B;A;B;B;With increased attack based on own critical damage;With increased attack based on own speed
303;MAULER;DEFENDER;3;2898;390;223;61;15;150;15;30;;;;WIND;;;;;;;;
304;THUNDER CRUSHER;DEFENDER;3;3306;457;263;61;15;200;15;30;;;;WIND;B;B;B;B;B;B;Increases self defense for 1 turn;Increases self critical chance for 1 turn
305;STORM DRAGON;ATTACKER;4;3121;777;356;80;30;150;15;15;;;;WIND;;;;;;;;
306;ALABASTER DRAGON;ATTACKER;4;3529;843;396;87;30;150;15;15;5926;1439;669;WIND;B;A;B;A;S;A; increasing attack based on own remaining HP. 50% chance of removing 2 beneficial effects from enemy;If attack is critical, refills own turn bar by 30%
307;ANGEL MYSTIC;SUPPORT;4;3915;661;358;73;20;150;20;20;;;;WIND;;;;;;;;
308;EXALTED HIEROPHANT;SUPPORT;4;4323;728;398;73;20;150;20;45;7330;1235;673;WIND;S;S;S;S;S;S;With great damage, with damage increased based on enemy max HP;75% chance of decreasing the defense for 1 turn and lowering enemy's turn bar by 20%
309;DEVA;SABOTEUR;4;3445;660;386;79;25;150;25;10;;;;WIND;;;;;;;;
310;THUNDER ASURA;SABOTEUR;4;3853;727;426;79;25;150;50;10;6499;1234;723;WIND;A;S;A;S;S;S;50% chance of muting enemy, locking enemy's special abilities for 1 turn;With great damage. 60% chance of decreasing enemy's speed for 1 turn
311;VAMPIRE KNIGHT;DEFENDER;4;3784;658;398;70;15;150;15;30;;;;WIND;;;;;;;;
312;ETHEREAL LORD;DEFENDER;4;4192;725;438;70;15;150;15;55;;;;WIND;B;B;B;B;B;B;Drains enemy's HP. Drain is 60% of own attack;If attack is critical, confuses enemy for 1 turn
313;ANGEL ZEALOT;DEFENDER;4;4212;638;398;65;15;150;15;30;;;;WIND;;;;;;;;
314;EXALTED JUSTICAR;DEFENDER;4;4620;704;438;65;15;150;15;55;7447;1128;704;WIND;B;A;B;B;A;B;Creates a shield over self, sheltering 15% of max HP for 1 turn;60% chance of increasing enemy's cooldown by 1
315;RAKSHASA;ATTACKER;4;3350;799;341;75;30;150;15;15;;;;WIND;;;;;;;;
316;STORM RAKSHASA RAJA;ATTACKER;4;3758;866;381;82;30;150;15;15;6331;1480;643;WIND;B;A;B;A;A;A;If attack is critical, prevents enemy from receiving healing effects and reviving for 2 turns;50% chance of decreasing enemy's speed, and 50% chance of amplifying incoming dmaage by 40% for 1 turn
317;GOBLIN SHAMAN;SUPPORT;4;3754;644;394;73;20;150;20;20;;;;WIND;;;;;;;;
318;TEMPEST HEXXER;SUPPORT;4;4162;711;434;80;20;150;20;20;7046;1205;737;WIND;S;S;S;S;B;S;70% chance of removing 1 beneficial effect from enemy;With great damage. 60% chance of poisoning enemy for 2 turns
319;GIANT;DEFENDER;4;5456;518;395;58;15;150;15;30;;;;WIND;;;;;;;;
320;STORM EINHERJAR;DEFENDER;4;5864;585;435;58;15;150;15;55;10055;983;738;WIND;B;A;B;A;B;B;70% chance of stunning enemy for 1 turn;80% chance of decreasing both enemy's attack and defense for 2 turns
321;COLOSSUS;DEFENDER;4;4865;502;439;61;15;150;15;30;;;;WIND;;;;;;;;
322;STORM TITAN;DEFENDER;4;5273;568;479;61;15;200;15;30;9010;859;816;WIND;B;B;A;B;B;B;65% chance of preventing enemy from receiving benefitical effects for 1 turn;With increased attack based on own defense
323;DAIMYO;ATTACKER;4;3796;704;359;72;30;150;15;15;;;;WIND;;;;;;;;
324;SILVER SHOGUN;ATTACKER;4;4204;771;399;72;30;200;15;15;7120;1311;675;WIND;B;A;B;A;B;B;60% chance of getting another turn;60% chance of attack all instead, inflicting moderate damage
325;NEROMANCER DISCIPLE;SABOTEUR;4;3435;717;358;78;25;150;25;10;;;;WIND;;;;;;;;
326;THUNDER DEATHLORD;SABOTEUR;4;3843;783;398;78;25;150;50;10;6481;1334;673;WIND;A;A;A;A;S;A;Steals 25% of enemy's turn bar;50% chance of muting enemy for 2 turns
327;EBON KNIGHT;DEFENDER;4;3778;578;437;72;15;150;15;30;6680;1022;773;WIND;;;;;;;;
328;LIGHTING DEATH KNIGHT;DEFENDER;4;4186;644;477;72;15;150;15;55;7088;979;812;WIND;A;A;A;A;A;A;With increased attack based on own defense. 65% chance of taunting enemy for 1 turn;65% chance of stunning enemy for 1 turn
329;FACELESS;SUPPORT;4;3940;666;360;73;20;150;20;20;;;;WIND;;;;;;;;
330;TEMPEST FACELESS;SUPPORT;4;4348;732;400;73;20;150;20;45;7375;1119;677;WIND;B;A;B;A;C;B;Removes 1 of enemy's beneficial effects;Removes 1 of own harmful effects effect
331;ARCANE BIRD;SABOTEUR;2;1391;261;72;77;25;150;25;10;;;;EARTH;;;;;;;;
332;ARCANE EAGLE;SABOTEUR;2;1595;294;92;77;25;150;25;10;;;;EARTH;;;;;;;;
333;EARTH SIMURGH;SABOTEUR;2;1901;344;122;77;25;150;50;10;;;;EARTH;C;C;C;B;C;C; Heals self by 10% of own max HP;With great damage
334;LESSER ELEMENTAL;SABOTEUR;2;1438;561;66;78;25;150;25;10;;;;EARTH;;;;;;;;
335;ELEMENTAL;SABOTEUR;2;1642;264;86;78;25;150;25;10;;;;EARTH;;;;;;;;
336;FOREST ELEMENTAL;SABOTEUR;2;1948;344;116;78;25;150;50;10;;;;EARTH;C;C;C;C;C;C;25% chance of increasing own beneficial effects for 2 turns;With great damage
337;BRIGHT FAWN;SUPPORT;2;1457;182;119;74;20;150;20;20;;;;EARTH;;;;;;;;
338;SUN DEER;SUPPORT;2;1661;216;139;74;20;150;20;20;;;;EARTH;;;;;;;;
339;FOREST PATRIARCH;SUPPORT;2;1967;266;169;74;20;150;20;45;;;;EARTH;C;C;B;B;C;C;Heals self by 10% max HP; 50% chance of lowering enemy's turn bar by 20%
340;SNAKEFLY;ATTACKER;2;1352;263;75;77;30;150;15;15;;;;EARTH;;;;;;;;
341;SERPENTFLY;ATTACKER;2;1556;296;95;77;30;150;15;15;;;;EARTH;;;;;;;;
342;MOUNTAIN DRAGONFLY;ATTACKER;2;1862;346;125;77;30;200;15;15;;;;EARTH;C;C;B;C;B;C;35% chance of removing 1 beneficial effecct;35% chance of decreasing enemy's attack for 2 turns
343;UNICORN FOAL;SUPPORT;2;1852;178;76;73;20;150;20;20;;;;EARTH;;;;;;;;
344;UNICORN;SUPPORT;2;2056;211;96;73;20;150;20;20;;;;EARTH;;;;;;;;
345;FOREST UNICORN;SUPPORT;2;2362;261;126;80;20;150;20;20;8066;924;454;EARTH;C;B;A;B;C;B;50% chance of lowering enemy's turn bar by 20%;With great damage with attack increase based on own speed
346;GARGOYLE WHELP;SABOTEUR;2;1474;266;61;77;25;150;25;10;;;;EARTH;;;;;;;;
347;GARGOYLE;SABOTEUR;2;1678;299;81;77;25;150;25;10;;;;EARTH;;;;;;;;
348;STONE GARGOYLE;SABOTEUR;2;1984;349;111;84;25;150;25;10;;;;EARTH;B;B;B;B;C;B;30% chance of turning enemy to stone for 1 turn;40% of increasing duration of enemy's current harmful effects by 1 turn
349;MINI GOLEM;DEFENDER;2;2332;116;118;57;15;150;15;30;;;;EARTH;;;;;;;;
350;GOLEM;DEFENDER;2;2536;149;138;57;15;150;15;30;;;;EARTH;;;;;;;;
351;STONE GOLEM;DEFENDER;2;2842;199;168;64;15;150;15;30;;;;EARTH;C;C;C;C;C;C;With increased attack based on own max HP. 50% chance of decreasing enemy's speed for 1 turn;35% chance of turning enemy to stone for 1 turn
352;DJINN;SABOTEUR;2;1500;171;118;76;25;150;25;10;;;;EARTH;;;;;;;;
353;FOREST DJINN;SABOTEUR;2;1908;238;158;76;25;150;50;10;;;;EARTH;C;B;A;B;C;B;With great damage;20% chance of decreasing enemy's resistance for 2 turns
354;NYMPH;SUPPORT;2;1480;188;115;73;20;150;20;20;;;;EARTH;;;;;;;;
355;EARTH MUSE;SUPPORT;2;1888;254;155;73;20;150;20;45;;;;EARTH;C;B;B;B;C;B;With great damage;20% chance of decreasing enemy's accuracy for 1 turn
356;GHOST;SABOTEUR;2;1299;199;117;78;25;150;25;10;;;;EARTH;;;;;;;;
357;CRYPT SPECTRE;SABOTEUR;2;1707;266;157;85;25;150;25;10;;;;EARTH;C;B;B;B;C;B;60% chance of poisoning enemy for 1 turn;65% chance of amplifying enemy's incoming damage by 40% for 1 turn
358;WITCH;SABOTEUR;2;1463;241;78;77;25;150;25;10;;;;EARTH;;;;;;;;
359;EARTH SORCERESS;SABOTEUR;2;1871;307;118;77;25;150;50;10;;;;EARTH;C;C;C;C;C;C;60% chance of poisoning enemy for 1 turn;40% chance of confusing enemy for 1 turn
360;HARPY;SUPPORT;2;1493;169;119;76;20;150;20;20;;;;EARTH;;;;;;;;
361;MOUNTAIN FURY;SUPPORT;2;1901;236;159;83;20;150;20;20;;;;EARTH;C;C;C;C;A;C; With great damage;35% chance of decreasing enemy's attack for 1 turn
362;CENTAUR;ATTACKER;2;1546;189;118;69;30;150;15;15;;;;EARTH;;;;;;;;
363;MOUNTAIN CENTAUR;ATTACKER;2;1954;256;158;69;30;150;15;40;;;;EARTH;C;C;C;C;C;C;25% of stunning enemy for 1 turn;50% chance of decreasing enemy's speed for 1 turn
364;BLACKFANG ROGUE;ATTACKER;2;1523;261;65;74;30;150;15;15;;;;EARTH;;;;;;;;
365;MOUNTAIN ASSASSIN;ATTACKER;2;1931;328;105;74;30;150;15;40;;;;EARTH;B;B;B;B;C;B;50% chance of poisoning enemy for 2 turns;45% chance of refilling own turnbar by 25%
366;SHIELDGUARD;DEFENDER;2;1933;114;159;57;15;150;15;30;;;;EARTH;;;;;;;;
367;MOUNTAIN GUARD;DEFENDER;2;2341;181;199;57;15;150;15;55;;;;EARTH;C;C;C;C;C;C;With increased attack based on own defense;50% chance of decreasing enemy's attack for 2 turns
368;STONE GUARD;DEFENDER;2;2104;129;113;62;15;150;15;30;;;;EARTH;;;;;;;;
369;IRON KNIGHT;DEFENDER;2;2512;196;153;62;15;200;15;30;;;;EARTH;C;B;B;C;C;C;Taunts enemy with a 25% chance;50% chance of decreasing enemy's critical damage for 2 turns
370;IMP;ATTACKER;2;1002;267;118;77;30;150;15;15;;;;EARTH;;;;;;;;
371;FOREST FAMILIAR;ATTACKER;2;1410;333;158;77;30;150;40;15;;;;EARTH;C;C;C;C;C;C;40% chance of execrating enemy, disabling 20% of enemy's HP;With increased damage based on enemy's speed
372;BASILISK;ATTACKER;2;1414;262;74;68;30;150;15;15;;;;EARTH;;;;;;;;
373;HULKING BASILISK;ATTACKER;2;1822;329;114;68;30;150;40;15;;;;EARTH;B;A;B;A;C;B;Increase self speed for 1 turn;With increased damage based on own speed
374;PIXIE;SUPPORT;3;2485;396;224;73;20;150;20;20;;;;EARTH;;;;;;;;
375;SPRITE;SUPPORT;3;2689;429;244;73;20;150;20;20;;;;EARTH;;;;;;;;
376;FOREST QUEEN;SUPPORT;3;2995;479;274;73;20;150;45;20;;;;EARTH;B;A;A;A;C;B;30% chance of preventing enemy from receiving healing effects for 1 turn;60% chance of increasing own resistance for 1 turn
377;SPIRIT CUB;SUPPORT;3;3004;389;147;76;20;150;20;20;;;;EARTH;;;;;;;;
378;SPIRIT FOX;SUPPORT;3;3208;422;167;76;20;150;20;20;;;;EARTH;;;;;;;;
379;VITAL KITSUNE;SUPPORT;3;3514;472;197;76;20;150;20;45;;;;EARTH;C;B;B;B;A;B;50% chance of casting a shield on self, providing shelter of 15% max HP for 2 turns;50% chance of stealing 15% of enemy's turn bar
380;YOUNG GRIFFIN;ATTACKER;3;2766;435;200;66;30;150;15;15;;;;EARTH;;;;;;;;
381;GRIFFIN;ATTACKER;3;2970;468;220;66;30;150;15;15;;;;EARTH;;;;;;;;
382;MOUNTAIN GRIFFIN;ATTACKER;3;3276;518;250;66;30;200;15;15;7454;1237;580;EARTH;C;C;C;C;C;C;25% chance of draining enemy's HP. Drain is 75% of own attack;With increased damage based on own critical damage
383;FELICORE;SABOTEUR;3;2244;456;199;77;25;150;25;10;;;;EARTH;;;;;;;;
384;MANTICORE;SABOTEUR;3;2448;489;219;77;25;150;25;10;;;;EARTH;;;;;;;;
385;MOUNTAIN SCORPICORE;SABOTEUR;3;2754;539;249;77;25;150;50;10;6143;1292;578;EARTH;A;S;A;S;B;A;60% chance of poisoning enemy for 1 turn;50% chance of decreasing enemy's accuracy and 50% chance of decreasing enemy's resistance for 1 turn
386;RUNE SENTINEL;DEFENDER;3;2955;244;318;61;15;150;15;30;;;;EARTH;;;;;;;;
387;RUNE GUARDIAN;DEFENDER;3;3159;278;338;61;15;150;15;30;;;;EARTH;;;;;;;;
388;EARTH WARDEN;DEFENDER;3;3465;328;368;61;15;150;15;55;;;;EARTH;C;C;C;B;C;C;20% chance of recovering the turn;20% chance of stunning enemy for 1 turn
389;SPHINX KITTEN;SABOTEUR;3;2500;377;235;73;25;150;25;10;;;;EARTH;;;;;;;;
390;SPHINX;SABOTEUR;3;2704;410;255;73;25;150;25;10;;;;EARTH;;;;;;;;
391;STONE SPHINX;SABOTEUR;3;3010;460;285;80;25;150;25;10;6786;1083;673;EARTH;C;C;C;C;B;C;With great damage. 25% chance of decreasing enemy's defense for 1 turn;25% chance of increasing the remaining waiting turns of enemy's skills on cooldown by 1
392;HOLY SISTER;SUPPORT;3;2753;378;196;74;20;150;20;20;;;;EARTH;;;;;;;;
393;ADAMANT PRIESTESS;SUPPORT;3;3161;444;236;74;20;150;20;45;;;;EARTH;B;B;B;A;C;B;50% chance of muting enemy, locking enemy's special abilities for 1 turn;65% chance of confusing enemy for 1 turn
394;TREANT;DEFENDER;3;2398;529;149;74;25;150;25;10;;;;EARTH;;;;;;;;
395;FOREST TREANT;DEFENDER;3;2806;596;189;74;25;150;50;10;;;;EARTH;B;B;B;B;B;B;With increased damage based on own max HP. 65% chance of poisoning for 2 turns;With increased damage based on own max HP. 50% chance of lowering enemy's turn bar by 30%
396;MASARU MONK;DEFENDER;3;2642;385;230;69;15;150;15;30;;;;EARTH;;;;;;;;
397;FOREST MASARU;DEFENDER;3;3050;452;270;69;15;150;15;55;;;;EARTH;B;B;B;A;C;B;With increased attack based on own defense. 50% chance of blinding enemy for 2 turns;With increased attack based on own defense. 50% chance of of increasing enemy's chance of receiving a critical attack for 2 turns
398;MINOTAUR;DEFENDER;3;3120;377;237;58;15;150;15;30;;;;EARTH;;;;;;;;
399;MOUNTAIN MINOTAUR;DEFENDER;3;3528;443;277;58;15;200;15;30;;;;EARTH;C;C;C;C;C;C;With increased attack based on own max HP. 65% chance of poisoning enemy for 2 turns;With increased attack based on own max HP. 45% chance of stunning enemy for 1 turn
400;DRUID;SUPPORT;3;2391;399;232;73;20;150;20;20;;;;EARTH;;;;;;;;
401;FOREST DRUID;SUPPORT;3;2799;466;272;73;20;150;20;45;6410;1012;655;EARTH;B;B;B;B;C;B;Increasing own speed for 1 turn;Heals self by 10% of own max HP
402;BUNRAKU SAMURAI;ATTACKER;3;2647;500;160;69;30;150;15;15;;;;EARTH;;;;;;;;
403;ADAMANT SAMURAI;ATTACKER;3;3055;567;200;69;30;200;15;15;;;;EARTH;C;C;C;C;B;C;With great damage;35% chance of decreasing enemy's defense for 1 turn
404;BLADE DANCER;SABOTEUR;3;2143;381;235;84;25;150;25;10;;;;EARTH;;;;;;;;
405;VINE DANCER;SABOTEUR;3;2551;447;275;84;25;200;25;10;;;;EARTH;B;A;B;A;A;A;If attack is critical, stuns enemy for 1 turn;50% chance of decreasing enemy's speed for 2 turns
406;KABUKI NINJA;ATTACKER;3;2395;372;237;76;30;150;15;15;;;;EARTH;;;;;;;;
407;MOUNTAIN NINJA;ATTACKER;3;2803;439;277;76;30;150;40;15;;;;EARTH;C;C;C;C;C;C;With increased damage based on own speed. 30% chance of putting enemy to sleep for 1 turn;With increased damage based on own speed. 40% chance of preventing enemy from receiving beneficial effects for 1 turn
408;CRUSADER;DEFENDER;3;2848;244;278;71;15;150;15;30;;;;EARTH;;;;;;;;
409;ADAMANT PALADIN;DEFENDER;3;3256;311;318;71;15;150;15;55;7557;643;777;EARTH;C;C;C;C;C;C;With increased damage based on own speed. 45% chance of stunning enemy for 1 turn;75% chance of marking enemy as hunted, amplifying incoming damage for 1 turn
410;JUGGERNAUT;DEFENDER;3;2685;385;233;67;15;150;15;30;;;;EARTH;;;;;;;;
411;ROCKY RAVAGER;DEFENDER;3;3093;452;273;67;15;150;15;55;7148;1088;658;EARTH;C;C;B;C;B;C;Heals self by 10%;80% chance of providing self with a chance of counter-attack for 1 turn
412;CYCLOPS;DEFENDER;3;2698;304;319;59;15;150;15;30;;;;EARTH;;;;;;;;
413;FOREST CYCLOPS;DEFENDER;3;3106;371;359;66;15;150;15;30;;;;EARTH;;;;;;;Grants self a shelter which reduces incoming damage by 40% for 1 turn;With increased attack based on own defense, decreases enemy's attack for 1 turn
414;SUCCUBUS;ATTACKER;3;2372;518;156;75;30;150;15;15;;;;EARTH;;;;;;;;
415;MOUNTAIN LILIM;ATTACKER;3;2780;585;196;82;30;150;15;15;;;;EARTH;;;;;;;With increased attack based on own speed;With increased damage based on own critical damage
416;MAULER;DEFENDER;3;2970;297;225;61;15;150;15;30;;;;EARTH;;;;;;;;
417;FOREST CRUSHER;DEFENDER;3;3378;265;265;61;15;150;15;55;;;;EARTH;;;;;;;Increases self defense for 1 turn;Increases self critical chance for 1 turn
418;MOUNTAIN DRAGON;DEFENDER;4;3903;459;469;69;15;150;15;30;;;;EARTH;;;;;;;;
419;EMERALD DRAGON;DEFENDER;4;4311;597;509;69;15;150;15;55;6901;845;829;EARTH;C;B;B;C;B;B;Decrease enemy's accuracy for 1 turn OR With increased attack based on own defense;Decrease enemy's accuracy for 1 turn OR With increased attack based on own defense
420;ANGEL MYSTIC;SUPPORT;4;4438;639;317;72;20;150;20;20;;;;EARTH;;;;;;;;
421;ADAMANT HIEROPHANT;SUPPORT;4;4846;706;357;79;20;150;20;20;8256;1197;601;EARTH;B;B;A;A;B;B;With great damage, with damage increased based on enemy max HP;75% chance of decreasing the defense for 1 turn and lowering enemy's turn bar by 20%
422;DEVA;SABOTEUR;4;3324;658;400;79;25;150;25;10;;;;EARTH;;;;;;;;
423;EARTH ASURA;SABOTEUR;4;3732;725;440;79;25;200;25;10;6285;1108;747;EARTH;C;B;B;B;A;B;50% chance of muting enemy, locking enemy's special abilities for 1 turn;With great damage. 60% chance of decreasing enemy's speed for 1 turn
424;VAMPIRE KNIGHT;SABOTEUR;4;3342;767;320;82;25;150;25;10;;;;EARTH;;;;;;;;
425;CRYPT LORD;SABOTEUR;4;3750;833;360;82;25;150;50;10;8255;1077;601;EARTH;B;A;A;B;A;A;Drains enemy's HP. Drain is 60% of own attack; If attack is critical, confuses enemy for 1 turn
426;ANGEL ZEALOT;SUPPORT;4;3694;641;397;74;20;150;20;20;;;;EARTH;;;;;;;;
427;ADAMANT JUSTICAR;SUPPORT;4;4102;707;437;81;20;150;20;20;6940;1199;742;EARTH;S;S;S;S;S;S;Creates a shield over self, sheltering 15% of max HP for 1 turn;60% chance of increasing enemy's cooldown by 1
428;RAKSHASA;ATTACKER;4;3645;714;353;75;30;150;15;15;;;;EARTH;;;;;;;;
429;MOUNTAIN RAKSHASA RAJA;ATTACKER;4;4053;781;393;75;30;150;15;40;6853;1329;664;EARTH;B;B;A;A;B;B;If attack is critical, prevents enemy from receiving healing effects and reviving for 2 turns; 50% chance of decreasing enemy's speed, and 50% chance of amplifying incoming damage by 40% for 1 turn
430;GOBLIN SHAMAN;SABOTEUR;4;3423;664;382;80;25;150;25;10;;;;EARTH;;;;;;;;
431;FOREST HEXXER;SABOTEUR;4;3831;731;422;87;25;150;25;10;6460;1241;715;EARTH;A;S;S;S;S;S;70% chance of removing 1 beneficial effect from enemy;With great damage. 60% chance of poisoning enemy for 2 turns
432;GIANT;DEFENDER;4;5463;508;400;58;15;150;15;30;;;;EARTH;;;;;;;;
433;MOUNTAIN EINHERJAR;DEFENDER;4;5871;575;440;58;15;200;15;30;10067;965;747;EARTH;B;A;A;A;S;A;70% chance of stunning enemy for 1 turn;80% chance of decreasing both enemy's attack and defense for 2 turns
434;COLOSSUS;DEFENDER;4;4563;661;392;59;15;150;15;30;;;;EARTH;;;;;;;;
435;ADAMANT TITAN;DEFENDER;4;4971;728;432;66;15;150;15;30;8476;1112;733;EARTH;B;B;A;A;C;B;65% chance of preventing enemy from receiving benefitical effects for 1 turn;With increased attack based on own defense
436;DAIMYO;ATTACKER;4;3778;652;392;72;30;150;15;15;;;;EARTH;;;;;;;;
437;ADAMANT SHOGUN;ATTACKER;4;4186;718;432;79;30;150;15;15;7088;1218;733;EARTH;A;S;S;A;S;S;60% chance of getting another turn;60% chance of attack all instead, inflicting moderate damage
438;NEROMANCER DISCIPLE;SABOTEUR;4;3439;649;394;79;25;150;25;10;;;;EARTH;;;;;;;;
439;VENOM DEATHLORD;SABOTEUR;4;3847;716;434;79;25;200;25;10;6489;1215;736;EARTH;B;A;A;S;A;A;Steals 25% of enemy's turn bar;50% chance of muting enemy for 2 turns
440;EBON KNIGHT;DEFENDER;4;3650;597;437;72;15;150;15;30;;;;EARTH;;;;;;;;
441;GRANITE DEATH KNIGHT;DEFENDER;4;4058;664;477;79;15;150;15;30;6453;951;773;EARTH;B;A;A;A;B;A;With increased attack based on own defense. 65% chance of taunting enemy for 1 turn;65% chance of stunning enemy for 1 turn
442;FACELESS;SUPPORT;4;3880;634;374;73;20;150;20;20;;;;EARTH;;;;;;;;
443;EMERALD FACELESS;SUPPORT;4;4288;701;414;73;20;150;20;45;7269;1070;702;EARTH;B;A;A;A;B;A;Removes 1 of enemy's beneficial effects;Removes 1 of own harmful effects effect
